LastNames,MaleNames,FemaleNames,UngenderedNames
SNYDER,JAMES,MARY,
GIBSON,JOHN,PATRICIA,
SMITH,ROBERT,LINDA,
JOHNSON,MICHAEL,BARBARA,
WILLIAMS,WILLIAM,ELIZABETH,
JONES,DAVID,JENNIFER,
BROWN,RICHARD,MARIA,
DAVIS,CHARLES,SUSAN,
MILLER,JOSEPH,MARGARET,
WILSON,THOMAS,DOROTHY,
MOORE,CHRISTOPHER,LISA,
TAYLOR,DANIEL,NANCY,
ANDERSON,PAUL,KAREN,
THOMAS,MARK,BETTY,
JACKSON,DONALD,HELEN,
WHITE,GEORGE,SANDRA,
HARRIS,KENNETH,DONNA,
MARTIN,STEVEN,CAROL,
THOMPSON,EDWARD,RUTH,
GARCIA,BRIAN,SHARON,
MARTINEZ,RONALD,MICHELLE,
ROBINSON,ANTHONY,LAURA,
CLARK,KEVIN,SARAH,
RODRIGUEZ,JASON,KIMBERLY,
LEWIS,MATTHEW,DEBORAH,
LEE,GARY,JESSICA,
WALKER,TIMOTHY,SHIRLEY,
HALL,JOSE,CYNTHIA,
ALLEN,LARRY,ANGELA,
YOUNG,JEFFREY,MELISSA,
HERNANDEZ,FRANK,BRENDA,
KING,SCOTT,AMY,
WRIGHT,ERIC,ANNA,
LOPEZ,STEPHEN,REBECCA,
HILL,ANDREW,VIRGINIA,
SCOTT,RAYMOND,KATHLEEN,
GREEN,GREGORY,PAMELA,
ADAMS,JOSHUA,MARTHA,
BAKER,JERRY,DEBRA,
GONZALEZ,DENNIS,AMANDA,
NELSON,WALTER,STEPHANIE,
CARTER,PATRICK,CAROLYN,
MITCHELL,PETER,CHRISTINE,
PEREZ,HAROLD,MARIE,
ROBERTS,DOUGLAS,JANET,
TURNER,HENRY,CATHERINE,
PHILLIPS,CARL,FRANCES,
CAMPBELL,ARTHUR,ANN,
PARKER,RYAN,JOYCE,
EVANS,ROGER,DIANE,
EDWARDS,JOE,ALICE,
COLLINS,JUAN,JULIE,
STEWART,JACK,HEATHER,
SANCHEZ,ALBERT,TERESA,
MORRIS,JONATHAN,DORIS,
ROGERS,JUSTIN,GLORIA,
REED,TERRY,EVELYN,
COOK,GERALD,JEAN,
MORGAN,KEITH,CHERYL,
BELL,SAMUEL,MILDRED,
MURPHY,WILLIE,KATHERINE,
BAILEY,RALPH,JOAN,
RIVERA,LAWRENCE,ASHLEY,
COOPER,NICHOLAS,JUDITH,
RICHARDSON,ROY,ROSE,
COX,BENJAMIN,JANICE,
HOWARD,BRUCE,KELLY,
WARD,BRANDON,NICOLE,
TORRES,ADAM,JUDY,
PETERSON,HARRY,CHRISTINA,
GRAY,FRED,KATHY,
RAMIREZ,WAYNE,THERESA,
JAMES,BILLY,BEVERLY,
WATSON,STEVE,DENISE,
BROOKS,LOUIS,TAMMY,
KELLY,JEREMY,IRENE,
SANDERS,AARON,JANE,
PRICE,RANDY,LORI,
BENNETT,HOWARD,RACHEL,
WOOD,EUGENE,MARILYN,
BARNES,CARLOS,ANDREA,
ROSS,RUSSELL,KATHRYN,
HENDERSON,BOBBY,LOUISE,
COLEMAN,VICTOR,SARA,
JENKINS,MARTIN,ANNE,
PERRY,ERNEST,JACQUELINE,
POWELL,PHILLIP,WANDA,
LONG,TODD,BONNIE,
PATTERSON,JESSE,JULIA,
HUGHES,CRAIG,RUBY,
FLORES,ALAN,LOIS,
WASHINGTON,SHAWN,TINA,
BUTLER,CLARENCE,PHYLLIS,
SIMMONS,SEAN,NORMA,
FOSTER,PHILIP,PAULA,
GONZALES,CHRIS,DIANA,
BRYANT,JOHNNY,ANNIE,
ALEXANDER,EARL,LILLIAN,
RUSSELL,JIMMY,EMILY,
GRIFFIN,ANTONIO,ROBIN,
DIAZ,DANNY,PEGGY,
HAYES,BRYAN,CRYSTAL,
MYERS,TONY,GLADYS,
FORD,LUIS,RITA,
HAMILTON,MIKE,DAWN,
GRAHAM,STANLEY,CONNIE,
SULLIVAN,LEONARD,FLORENCE,
WALLACE,NATHAN,TRACY,
WOODS,DALE,EDNA,
COLE,MANUEL,TIFFANY,
WEST,RODNEY,CARMEN,
JORDAN,CURTIS,ROSA,
OWENS,NORMAN,CINDY,
REYNOLDS,ALLEN,GRACE,
FISHER,MARVIN,WENDY,
ELLIS,VINCENT,VICTORIA,
HARRISON,GLENN,EDITH,
GIBSON,JEFFERY,KIM,
MCDONALD,TRAVIS,SHERRY,
CRUZ,JEFF,SYLVIA,
MARSHALL,CHAD,JOSEPHINE,
ORTIZ,JACOB,THELMA,
GOMEZ,LEE,SHANNON,
MURRAY,MELVIN,SHEILA,
FREEMAN,ALFRED,ETHEL,
WELLS,KYLE,ELLEN,
WEBB,FRANCIS,ELAINE,
SIMPSON,BRADLEY,MARJORIE,
STEVENS,JESUS,CARRIE,
TUCKER,HERBERT,CHARLOTTE,
PORTER,FREDERICK,MONICA,
HUNTER,RAY,ESTHER,
HICKS,JOEL,PAULINE,
CRAWFORD,EDWIN,EMMA,
HENRY,DON,JUANITA,
BOYD,EDDIE,ANITA,
MASON,RICKY,RHONDA,
MORALES,TROY,HAZEL,
KENNEDY,RANDALL,AMBER,
WARREN,BARRY,EVA,
DIXON,ALEXANDER,DEBBIE,
RAMOS,BERNARD,APRIL,
REYES,MARIO,LESLIE,
BURNS,LEROY,CLARA,
GORDON,FRANCISCO,LUCILLE,
SHAW,MARCUS,JAMIE,
HOLMES,MICHEAL,JOANNE,
RICE,THEODORE,ELEANOR,
ROBERTSON,CLIFFORD,VALERIE,
HUNT,MIGUEL,DANIELLE,
BLACK,OSCAR,MEGAN,
DANIELS,JAY,ALICIA,
PALMER,JIM,SUZANNE,
MILLS,TOM,MICHELE,
NICHOLS,CALVIN,GAIL,
GRANT,ALEX,BERTHA,
KNIGHT,JON,DARLENE,
FERGUSON,RONNIE,VERONICA,
ROSE,BILL,JILL,
STONE,LLOYD,ERIN,
HAWKINS,TOMMY,GERALDINE,
DUNN,LEON,LAUREN,
PERKINS,DEREK,CATHY,
HUDSON,WARREN,JOANN,
SPENCER,DARRELL,LORRAINE,
GARDNER,JEROME,LYNN,
STEPHENS,FLOYD,SALLY,
PAYNE,LEO,REGINA,
PIERCE,ALVIN,ERICA,
BERRY,TIM,BEATRICE,
MATTHEWS,WESLEY,DOLORES,
ARNOLD,GORDON,BERNICE,
WAGNER,DEAN,AUDREY,
WILLIS,GREG,YVONNE,
RAY,JORGE,ANNETTE,
WATKINS,DUSTIN,JUNE,
OLSON,PEDRO,SAMANTHA,
CARROLL,DERRICK,MARION,
DUNCAN,DAN,DANA,
SNYDER,LEWIS,STACY,
HART,ZACHARY,ANA,
CUNNINGHAM,COREY,RENEE,
BRADLEY,HERMAN,IDA,
LANE,MAURICE,VIVIAN,
ANDREWS,VERNON,ROBERTA,
RUIZ,ROBERTO,HOLLY,
HARPER,CLYDE,BRITTANY,
FOX,GLEN,MELANIE,
RILEY,HECTOR,LORETTA,
ARMSTRONG,SHANE,YOLANDA,
CARPENTER,RICARDO,JEANETTE,
WEAVER,SAM,LAURIE,
GREENE,RICK,KATIE,
LAWRENCE,LESTER,KRISTEN,
ELLIOTT,BRENT,VANESSA,
CHAVEZ,RAMON,ALMA,
SIMS,CHARLIE,SUE,
AUSTIN,TYLER,ELSIE,
PETERS,GILBERT,BETH,
KELLEY,GENE,JEANNE,
FRANKLIN,MARC,VICKI,
LAWSON,REGINALD,CARLA,
FIELDS,RUBEN,TARA,
GUTIERREZ,BRETT,ROSEMARY,
RYAN,ANGEL,EILEEN,
SCHMIDT,NATHANIEL,TERRI,
CARR,RAFAEL,GERTRUDE,
VASQUEZ,LESLIE,LUCY,
CASTILLO,EDGAR,TONYA,
WHEELER,MILTON,ELLA,
CHAPMAN,RAUL,STACEY,
OLIVER,BEN,WILMA,
MONTGOMERY,CHESTER,GINA,
RICHARDS,CECIL,KRISTIN,
WILLIAMSON,DUANE,JESSIE,
JOHNSTON,FRANKLIN,NATALIE,
BANKS,ANDRE,AGNES,
MEYER,ELMER,VERA,
BISHOP,BRAD,WILLIE,
MCCOY,GABRIEL,CHARLENE,
HOWELL,RON,BESSIE,
ALVAREZ,MITCHELL,DELORES,
MORRISON,ROLAND,MELINDA,
HANSEN,ARNOLD,PEARL,
FERNANDEZ,HARVEY,ARLENE,
GARZA,JARED,MAUREEN,
HARVEY,ADRIAN,COLLEEN,
LITTLE,KARL,ALLISON,
BURTON,CORY,TAMARA,
STANLEY,CLAUDE,JOY,
NGUYEN,ERIK,GEORGIA,
GEORGE,DARRYL,CONSTANCE,
JACOBS,JAMIE,LILLIE,
REID,NEIL,CLAUDIA,
KIM,JESSIE,JACKIE,
FULLER,CHRISTIAN,MARCIA,
LYNCH,JAVIER,TANYA,
DEAN,FERNANDO,NELLIE,
GILBERT,CLINTON,MINNIE,
GARRETT,TED,MARLENE,
ROMERO,MATHEW,HEIDI,
WELCH,TYRONE,GLENDA,
LARSON,DARREN,LYDIA,
FRAZIER,LONNIE,VIOLA,
BURKE,LANCE,COURTNEY,
HANSON,CODY,MARIAN,
DAY,JULIO,STELLA,
MENDOZA,KELLY,CAROLINE,
MORENO,KURT,DORA,
BOWMAN,ALLAN,JO,
MEDINA,NELSON,VICKIE,
FOWLER,GUY,MATTIE,
BREWER,CLAYTON,TERRY,
HOFFMAN,HUGH,MAXINE,
CARLSON,MAX,IRMA,
SILVA,DWAYNE,MABEL,
PEARSON,DWIGHT,MARSHA,
HOLLAND,ARMANDO,MYRTLE,
DOUGLAS,FELIX,LENA,
FLEMING,JIMMIE,CHRISTY,
JENSEN,EVERETT,DEANNA,
VARGAS,JORDAN,PATSY,
BYRD,IAN,HILDA,
DAVIDSON,WALLACE,GWENDOLYN,
HOPKINS,KEN,JENNIE,
MAY,BOB,NORA,
TERRY,JAIME,MARGIE,
HERRERA,CASEY,NINA,
WADE,ALFREDO,CASSANDRA,
SOTO,ALBERTO,LEAH,
WALTERS,DAVE,PENNY,
CURTIS,IVAN,KAY,
NEAL,JOHNNIE,PRISCILLA,
CALDWELL,SIDNEY,NAOMI,
LOWE,BYRON,CAROLE,
JENNINGS,JULIAN,BRANDY,
BARNETT,ISAAC,OLGA,
GRAVES,MORRIS,BILLIE,
JIMENEZ,CLIFTON,DIANNE,
HORTON,WILLARD,TRACEY,
SHELTON,DARYL,LEONA,
BARRETT,ROSS,JENNY,
OBRIEN,VIRGIL,FELICIA,
CASTRO,ANDY,SONIA,
SUTTON,MARSHALL,MIRIAM,
GREGORY,SALVADOR,VELMA,
MCKINNEY,PERRY,BECKY,
LUCAS,KIRK,BOBBIE,
MILES,SERGIO,VIOLET,
CRAIG,MARION,KRISTINA,
RODRIQUEZ,TRACY,TONI,
CHAMBERS,SETH,MISTY,
HOLT,KENT,MAE,
LAMBERT,TERRANCE,SHELLY,
FLETCHER,RENE,DAISY,
WATTS,EDUARDO,RAMONA,
BATES,TERRENCE,SHERRI,
HALE,ENRIQUE,ERIKA,
RHODES,FREDDIE,KATRINA,
PENA,WADE,CLAIRE,
BECK,AUSTIN,LINDSEY,
NEWMAN,STUART,LINDSAY,
HAYNES,FREDRICK,GENEVA,
MCDANIEL,ARTURO,GUADALUPE,
MENDEZ,ALEJANDRO,BELINDA,
BUSH,JACKIE,MARGARITA,
VAUGHN,JOEY,SHERYL,
PARKS,NICK,CORA,
DAWSON,LUTHER,FAYE,
SANTIAGO,WENDELL,ADA,
NORRIS,JEREMIAH,NATASHA,
HARDY,EVAN,SABRINA,
LOVE,JULIUS,ISABEL,
STEELE,DANA,MARGUERITE,
CURRY,DONNIE,HATTIE,
POWERS,OTIS,HARRIET,
SCHULTZ,SHANNON,MOLLY,
,TREVOR,CECILIA,
,OLIVER,KRISTI,
,LUKE,BRANDI,
,HOMER,BLANCHE,
,GERARD,SANDY,
,DOUG,ROSIE,
,KENNY,JOANNA,
,HUBERT,IRIS,
,ANGELO,EUNICE,
,SHAUN,ANGIE,
,LYLE,INEZ,
,MATT,LYNDA,
,LYNN,MADELINE,
,ALFONSO,AMELIA,
,ORLANDO,ALBERTA,
,REX,GENEVIEVE,
,CARLTON,MONIQUE,
,ERNESTO,JODI,
,CAMERON,JANIE,
,NEAL,MAGGIE,
,PABLO,KAYLA,
,LORENZO,SONYA,
,OMAR,JAN,
,WILBUR,LEE,
,BLAKE,KRISTINE,
,GRANT,CANDACE,
,HORACE,FANNIE,
,RODERICK,MARYANN,
,KERRY,OPAL,
,ABRAHAM,ALISON,
,WILLIS,YVETTE,
,RICKEY,MELODY,
,JEAN,LUZ,
,IRA,SUSIE,
,ANDRES,OLIVIA,
,CESAR,FLORA,
,JOHNATHAN,SHELLEY,
,MALCOLM,KRISTY,
,RUDOLPH,MAMIE,
,DAMON,LULA,
,KELVIN,LOLA,
,RUDY,VERNA,
,PRESTON,BEULAH,
,ALTON,ANTOINETTE,
,ARCHIE,CANDICE,
,MARCO,JUANA,
,WM,JEANNETTE,
,PETE,PAM,
,RANDOLPH,KELLI,
,GARRY,HANNAH,
,GEOFFREY,WHITNEY,
,JONATHON,BRIDGET,
,FELIPE,KARLA,
,BENNIE,CELIA,
,GERARDO,LATOYA,
,ED,PATTY,
,DOMINIC,SHELIA,
,ROBIN,GAYLE,
,LOREN,DELLA,
,DELBERT,VICKY,
,COLIN,LYNNE,
,GUILLERMO,SHERI,
,EARNEST,MARIANNE,
,LUCAS,KARA,
,BENNY,JACQUELYN,
,NOEL,ERMA,
,SPENCER,BLANCA,
,RODOLFO,MYRA,
,MYRON,LETICIA,
,EDMUND,PAT,
,GARRETT,KRISTA,
,SALVATORE,ROXANNE,
,CEDRIC,ANGELICA,
,LOWELL,JOHNNIE,
,GREGG,ROBYN,
,SHERMAN,FRANCIS,
,WILSON,ADRIENNE,
,DEVIN,ROSALIE,
,SYLVESTER,ALEXANDRA,
,KIM,BROOKE,
,ROOSEVELT,BETHANY,
,ISRAEL,SADIE,
,JERMAINE,BERNADETTE,
,FORREST,TRACI,
,WILBERT,JODY,
,LELAND,KENDRA,
,SIMON,JASMINE,
,GUADALUPE,NICHOLE,
,CLARK,RACHAEL,
,IRVING,CHELSEA,
,CARROLL,MABLE,
,BRYANT,ERNESTINE,
,OWEN,MURIEL,
,RUFUS,MARCELLA,
,WOODROW,ELENA,
,SAMMY,KRYSTAL,
,KRISTOPHER,ANGELINA,
,MACK,NADINE,
,LEVI,KARI,
,MARCOS,ESTELLE,
,GUSTAVO,DIANNA,
,JAKE,PAULETTE,
,LIONEL,LORA,
,MARTY,MONA,
,TAYLOR,DOREEN,
,ELLIS,ROSEMARIE,
,DALLAS,ANGEL,
,GILBERTO,DESIREE,
,CLINT,ANTONIA,
,NICOLAS,HOPE,
,LAURENCE,GINGER,
,ISMAEL,JANIS,
,ORVILLE,BETSY,
,DREW,CHRISTIE,
,JODY,FREDA,
,ERVIN,MERCEDES,
,DEWEY,MEREDITH,
,AL,LYNETTE,
,WILFRED,TERI,
,JOSH,CRISTINA,
,HUGO,EULA,
,IGNACIO,LEIGH,
,CALEB,MEGHAN,
,TOMAS,SOPHIA,
,SHELDON,ELOISE,
,ERICK,ROCHELLE,
,FRANKIE,GRETCHEN,
,,CECELIA,
,,RAQUEL,
,,HENRIETTA,
,,ALYSSA,
,,JANA,
,,KELLEY,
,,GWEN,
,,KERRY,
,,JENNA,
,,TRICIA,
,,LAVERNE,
,,OLIVE,
,,ALEXIS,
,,TASHA,
,,SILVIA,
,,ELVIRA,
,,CASEY,
,,DELIA,
,,SOPHIE,
,,KATE,
,,PATTI,
,,LORENA,
,,KELLIE,
,,SONJA,
,,LILA,
,,LANA,
,,DARLA,
,,MAY,
,,MINDY,
,,ESSIE,
,,MANDY,
,,LORENE,
,,ELSA,
,,JOSEFINA,
,,JEANNIE,
,,MIRANDA,
,,DIXIE,
,,LUCIA,
,,MARTA,
,,FAITH,
,,LELA,
,,JOHANNA,
,,SHARI,
,,CAMILLE,
,,TAMI,
,,SHAWNA,
,,ELISA,
,,EBONY,
,,MELBA,
,,ORA,
,,NETTIE,
,,TABITHA,
,,OLLIE,
,,JAIME,
,,WINIFRED,
,,KRISTIE,
,,MARINA,
,,ALISHA,
,,AIMEE,
,,RENA,
,,MYRNA,
,,MARLA,
,,TAMMIE,
,,LATASHA,
,,BONITA,
,,PATRICE,
,,RONDA,
,,SHERRIE,
,,ADDIE,
,,FRANCINE,
,,DELORIS,
,,STACIE,
,,ADRIANA,
,,CHERI,
,,SHELBY,
,,ABIGAIL,
,,CELESTE,
,,JEWEL,
,,CARA,
,,ADELE,
,,REBEKAH,
,,LUCINDA,
,,DORTHY,
,,CHRIS,
,,EFFIE,
,,TRINA,
,,REBA,
,,SHAWN,
,,SALLIE,
,,AURORA,
,,LENORA,
,,ETTA,
,,LOTTIE,
,,KERRI,
,,TRISHA,
,,NIKKI,
,,ESTELLA,
,,FRANCISCA,
,,JOSIE,
,,TRACIE,
,,MARISSA,
,,KARIN,
,,BRITTNEY,
,,JANELLE,
,,LOURDES,
,,LAUREL,
,,HELENE,
,,FERN,
,,ELVA,
,,CORINNE,
,,KELSEY,
,,INA,
,,BETTIE,
,,ELISABETH,
,,AIDA,
,,CAITLIN,
,,INGRID,
,,IVA,
,,EUGENIA,
,,CHRISTA,
,,GOLDIE,
,,CASSIE,
,,MAUDE,
,,JENIFER,
,,THERESE,
,,FRANKIE,
,,DENA,
,,LORNA,
,,JANETTE,
,,LATONYA,
,,CANDY,
,,MORGAN,
,,CONSUELO,
,,TAMIKA,
,,ROSETTA,
,,DEBORA,
,,CHERIE,
,,POLLY,
,,DINA,
,,JEWELL,
,,FAY,
,,JILLIAN,
,,DOROTHEA,
,,NELL,
,,TRUDY,
,,ESPERANZA,
,,PATRICA,
,,KIMBERLEY,
,,SHANNA,
,,HELENA,
,,CAROLINA,
,,CLEO,
,,STEFANIE,
,,ROSARIO,
,,OLA,
,,JANINE,
,,MOLLIE,
,,LUPE,
,,ALISA,
,,LOU,
,,MARIBEL,
,,SUSANNE,
,,BETTE,
,,SUSANA,
,,ELISE,
,,CECILE,
,,ISABELLE,
,,LESLEY,
,,JOCELYN,
,,PAIGE,
,,JONI,
,,RACHELLE,
,,LEOLA,
,,DAPHNE,
,,ALTA,
,,ESTER,
,,PETRA,
,,GRACIELA,
,,IMOGENE,
,,JOLENE,
,,KEISHA,
,,LACEY,
,,GLENNA,
,,GABRIELA,
,,KERI,
,,URSULA,
,,LIZZIE,
,,KIRSTEN,
,,SHANA,
,,ADELINE,
,,MAYRA,
,,JAYNE,
,,JACLYN,
,,GRACIE,
,,SONDRA,
,,CARMELA,
,,MARISA,
,,ROSALIND,
,,CHARITY,
,,TONIA,
,,BEATRIZ,
,,MARISOL,
,,CLARICE,
,,JEANINE,
,,SHEENA,
,,ANGELINE,
,,FRIEDA,
,,LILY,
,,ROBBIE,
,,SHAUNA,
,,MILLIE,
,,CLAUDETTE,
,,CATHLEEN,
,,ANGELIA,
,,GABRIELLE,
,,AUTUMN,
,,KATHARINE,
,,SUMMER,
,,JODIE,
,,STACI,
,,LEA,
,,CHRISTI,
,,JIMMIE,
,,JUSTINE,
,,ELMA,
,,LUELLA,
,,MARGRET,
,,DOMINIQUE,
,,SOCORRO,
,,RENE,
,,MARTINA,
,,MARGO,
,,MAVIS,
,,CALLIE,
,,BOBBI,
,,MARITZA,
,,LUCILE,
,,LEANNE,
,,JEANNINE,
,,DEANA,
,,AILEEN,
,,LORIE,
,,LADONNA,
,,WILLA,
,,MANUELA,
,,GALE,
,,SELMA,
,,DOLLY,
,,SYBIL,
,,ABBY,
,,LARA,
,,DALE,
,,IVY,
,,DEE,
,,WINNIE,
,,MARCY,
,,LUISA,
,,JERI,
,,MAGDALENA,
,,OFELIA,
,,MEAGAN,
,,AUDRA,
,,MATILDA,
,,LEILA,
,,CORNELIA,
,,BIANCA,
,,SIMONE,
,,BETTYE,
,,RANDI,
,,VIRGIE,
,,LATISHA,
,,BARBRA,
,,GEORGINA,
,,ELIZA,
,,LEANN,
,,BRIDGETTE,
,,RHODA,
,,HALEY,
,,ADELA,
,,NOLA,
,,BERNADINE,
,,FLOSSIE,
,,ILA,
,,GRETA,
,,RUTHIE,
,,NELDA,
,,MINERVA,
,,LILLY,
,,TERRIE,
,,LETHA,
,,HILARY,
,,ESTELA,
,,VALARIE,
,,BRIANNA,
,,ROSALYN,
,,EARLINE,
,,CATALINA,
,,AVA,
,,MIA,
,,CLARISSA,
,,LIDIA,
,,CORRINE,
,,ALEXANDRIA,
,,CONCEPCION,
,,TIA,
,,SHARRON,
,,RAE,
,,DONA,
,,ERICKA,
,,JAMI,
,,ELNORA,
,,CHANDRA,
,,LENORE,
,,NEVA,
,,MARYLOU,
,,MELISA,
,,TABATHA,
,,SERENA,
,,AVIS,
,,ALLIE,
,,SOFIA,
,,JEANIE,
,,ODESSA,
,,NANNIE,
,,HARRIETT,
,,LORAINE,
,,PENELOPE,
,,MILAGROS,
,,EMILIA,
,,BENITA,
,,ALLYSON,
,,ASHLEE,
,,TANIA,
,,TOMMIE,
,,ESMERALDA,
,,KARINA,
,,EVE,
,,PEARLIE,
,,ZELMA,
,,MALINDA,
,,NOREEN,
,,TAMEKA,
,,SAUNDRA,
,,HILLARY,
,,AMIE,
,,ALTHEA,
,,ROSALINDA,
,,JORDAN,
,,LILIA,
,,ALANA,
,,GAY,
,,CLARE,
,,ALEJANDRA,
,,ELINOR,
,,MICHAEL,
,,LORRIE,
,,JERRI,
,,DARCY,
,,EARNESTINE,
,,CARMELLA,
,,TAYLOR,
,,NOEMI,
,,MARCIE,
,,LIZA,
,,ANNABELLE,
,,LOUISA,
,,EARLENE,
,,MALLORY,
,,CARLENE,
,,NITA,
,,SELENA,
,,TANISHA,
,,KATY,
,,JULIANNE,
,,JOHN,
,,LAKISHA,
,,EDWINA,
,,MARICELA,
,,MARGERY,
,,KENYA,
,,DOLLIE,
,,ROXIE,
,,ROSLYN,
,,KATHRINE,
,,NANETTE,
,,CHARMAINE,
,,LAVONNE,
,,ILENE,
,,KRIS,
,,TAMMI,
,,SUZETTE,
,,CORINE,
,,KAYE,
,,JERRY,
,,MERLE,
,,CHRYSTAL,
,,LINA,
,,DEANNE,
,,LILIAN,
,,JULIANA,
,,ALINE,
,,LUANN,
,,KASEY,
,,MARYANNE,
,,EVANGELINE,
,,COLETTE,
,,MELVA,
,,LAWANDA,
,,YESENIA,
,,NADIA,
,,MADGE,
,,KATHIE,
,,EDDIE,
,,OPHELIA,
,,VALERIA,
,,NONA,
,,MITZI,
,,MARI,
,,GEORGETTE,
,,CLAUDINE,
,,FRAN,
,,ALISSA,
,,ROSEANN,
,,LAKEISHA,
,,SUSANNA,
,,REVA,
,,DEIDRE,
,,CHASITY,
,,SHEREE,
,,CARLY,
,,JAMES,
,,ELVIA,
,,ALYCE,
,,DEIRDRE,
,,GENA,
,,BRIANA,
,,ARACELI,
,,KATELYN,
,,ROSANNE,
,,WENDI,
,,TESSA,
,,BERTA,
,,MARVA,
,,IMELDA,
,,MARIETTA,
,,MARCI,
,,LEONOR,
,,ARLINE,
,,SASHA,
,,MADELYN,
,,JANNA,
,,JULIETTE,
,,DEENA,
,,AURELIA,
,,JOSEFA,
,,AUGUSTA,
,,LILIANA,
,,YOUNG,
,,CHRISTIAN,
,,LESSIE,
,,AMALIA,
,,SAVANNAH,
,,ANASTASIA,
,,VILMA,
,,NATALIA,
,,ROSELLA,
,,LYNNETTE,
,,CORINA,
,,ALFREDA,
,,LEANNA,
,,CAREY,
,,AMPARO,
,,COLEEN,
,,TAMRA,
,,AISHA,
,,WILDA,
,,KARYN,
,,CHERRY,
,,QUEEN,
,,MAURA,
,,MAI,
,,EVANGELINA,
,,ROSANNA,
,,HALLIE,
,,ERNA,
,,ENID,
,,MARIANA,
,,LACY,
,,JULIET,
,,JACKLYN,
,,FREIDA,
,,MADELEINE,
,,MARA,
,,HESTER,
,,CATHRYN,
,,LELIA,
,,CASANDRA,
,,BRIDGETT,
,,ANGELITA,
,,JANNIE,
,,DIONNE,
,,ANNMARIE,
,,KATINA,
,,BERYL,
,,PHOEBE,
,,MILLICENT,
,,KATHERYN,
,,DIANN,
,,CARISSA,
,,MARYELLEN,
,,LIZ,
,,LAURI,
,,HELGA,
,,GILDA,
,,ADRIAN,
,,RHEA,
,,MARQUITA,
,,HOLLIE,
,,TISHA,
,,TAMERA,
,,ANGELIQUE,
,,FRANCESCA,
,,BRITNEY,
,,KAITLIN,
,,LOLITA,
,,FLORINE,
,,ROWENA,
,,REYNA,
,,TWILA,
,,FANNY,
,,JANELL,
,,INES,
,,CONCETTA,
,,BERTIE,
,,ALBA,
,,BRIGITTE,
,,ALYSON,
,,VONDA,
,,PANSY,
,,ELBA,
,,NOELLE,
,,LETITIA,
,,KITTY,
,,DEANN,
,,BRANDIE,
,,LOUELLA,
,,LETA,
,,FELECIA,
,,SHARLENE,
,,LESA,
,,BEVERLEY,
,,ROBERT,
,,ISABELLA,
,,HERMINIA,
,,TERRA,
,,CELINA,
,,TORI,
,,OCTAVIA,
,,JADE,
,,DENICE,
,,GERMAINE,
,,SIERRA,
,,MICHELL,
,,CORTNEY,
,,NELLY,
,,DORETHA,
,,SYDNEY,
,,DEIDRA,
,,MONIKA,
,,LASHONDA,
,,JUDI,
,,CHELSEY,
,,ANTIONETTE,
,,MARGOT,
,,BOBBY,
,,ADELAIDE,
,,NAN,
,,LEEANN,
,,ELISHA,
,,DESSIE,
,,LIBBY,
,,KATHI,
,,GAYLA,
,,LATANYA,
,,MINA,
,,MELLISA,
,,KIMBERLEE,
,,JASMIN,
,,RENAE,
,,ZELDA,
,,ELDA,
,,MA,
,,JUSTINA,
,,GUSSIE,
,,EMILIE,
,,CAMILLA,
,,ABBIE,
,,ROCIO,
,,KAITLYN,
,,JESSE,
,,EDYTHE,
,,ASHLEIGH,
,,SELINA,
,,LAKESHA,
,,GERI,
,,ALLENE,
,,PAMALA,
,,MICHAELA,
,,DAYNA,
,,CARYN,
,,ROSALIA,
,,SUN,
,,JACQULINE,
,,REBECA,
,,MARYBETH,
,,KRYSTLE,
,,IOLA,
,,DOTTIE,
,,BENNIE,
,,BELLE,
,,AUBREY,
,,GRISELDA,
,,ERNESTINA,
,,ELIDA,
,,ADRIANNE,
,,DEMETRIA,
,,DELMA,
,,CHONG,
,,JAQUELINE,
,,DESTINY,
,,ARLEEN,
,,VIRGINA,
,,RETHA,
,,FATIMA,
,,TILLIE,
,,ELEANORE,
,,CARI,
,,TREVA,
,,BIRDIE,
,,WILHELMINA,
,,ROSALEE,
,,MAURINE,
,,LATRICE,
,,YONG,
,,JENA,
,,TARYN,
,,ELIA,
,,DEBBY,
,,MAUDIE,
,,JEANNA,
,,DELILAH,
,,CATRINA,
,,SHONDA,
,,HORTENCIA,
,,THEODORA,
,,TERESITA,
,,ROBBIN,
,,DANETTE,
,,MARYJANE,
,,FREDDIE,
,,DELPHINE,
,,BRIANNE,
,,NILDA,
,,DANNA,
,,CINDI,
,,BESS,
,,IONA,
,,HANNA,
,,ARIEL,
,,WINONA,
,,VIDA,
,,ROSITA,
,,MARIANNA,
,,WILLIAM,
,,RACHEAL,
,,GUILLERMINA,
,,ELOISA,
,,CELESTINE,
,,CAREN,
,,MALISSA,
,,LONA,
,,CHANTEL,
,,SHELLIE,
,,MARISELA,
,,LEORA,
,,AGATHA,
,,SOLEDAD,
,,MIGDALIA,
,,IVETTE,
,,CHRISTEN,
,,ATHENA,
,,JANEL,
,,CHLOE,
,,VEDA,
,,PATTIE,
,,TESSIE,
,,TERA,
,,MARILYNN,
,,LUCRETIA,
,,KARRIE,
,,DINAH,
,,DANIELA,
,,ALECIA,
,,ADELINA,
,,VERNICE,
,,SHIELA,
,,PORTIA,
,,MERRY,
,,LASHAWN,
,,DEVON,
,,DARA,
,,TAWANA,
,,OMA,
,,VERDA,
,,CHRISTIN,
,,ALENE,
,,ZELLA,
,,SANDI,
,,RAFAELA,
,,MAYA,
,,KIRA,
,,CANDIDA,
,,ALVINA,
,,SUZAN,
,,SHAYLA,
,,LYN,
,,LETTIE,
,,ALVA,
,,SAMATHA,
,,ORALIA,
,,MATILDE,
,,MADONNA,
,,LARISSA,
,,VESTA,
,,RENITA,
,,INDIA,
,,DELOIS,
,,SHANDA,
,,PHILLIS,
,,LORRI,
,,ERLINDA,
,,CRUZ,
,,CATHRINE,
,,BARB,
,,ZOE,
,,ISABELL,
,,IONE,
,,GISELA,
,,CHARLIE,
,,VALENCIA,
,,ROXANNA,
,,MAYME,
,,KISHA,
,,ELLIE,
,,MELLISSA,
,,DORRIS,
,,DALIA,
,,BELLA,
,,ANNETTA,
,,ZOILA,
,,RETA,
,,REINA,
,,LAURETTA,
,,KYLIE,
,,CHRISTAL,
,,PILAR,
,,CHARLA,
,,ELISSA,
,,TIFFANI,
,,TANA,
,,PAULINA,
,,LEOTA,
,,BREANNA,
,,JAYME,
,,CARMEL,
,,VERNELL,
,,TOMASA,
,,MANDI,
,,DOMINGA,
,,SANTA,
,,MELODIE,
,,LURA,
,,ALEXA,
,,TAMELA,
,,RYAN,
,,MIRNA,
,,KERRIE,
,,VENUS,
,,NOEL,
,,FELICITA,
,,CRISTY,
,,CARMELITA,
,,BERNIECE,
,,ANNEMARIE,
,,TIARA,
,,ROSEANNE,
,,MISSY,
,,CORI,
,,ROXANA,
,,PRICILLA,
,,KRISTAL,
,,JUNG,
,,ELYSE,
,,HAYDEE,
,,ALETHA,
,,BETTINA,
,,MARGE,
,,GILLIAN,
,,FILOMENA,
,,CHARLES,
,,ZENAIDA,
,,HARRIETTE,
,,CARIDAD,
,,VADA,
,,UNA,
,,ARETHA,
,,PEARLINE,
,,MARJORY,
,,MARCELA,
,,FLOR,
,,EVETTE,
,,ELOUISE,
,,ALINA,
,,TRINIDAD,
,,DAVID,
,,DAMARIS,
,,CATHARINE,
,,CARROLL,
,,BELVA,
,,NAKIA,
,,MARLENA,
,,LUANNE,
,,LORINE,
,,KARON,
,,DORENE,
,,DANITA,
,,BRENNA,
,,TATIANA,
,,SAMMIE,
,,LOUANN,
,,LOREN,
,,JULIANNA,
,,ANDRIA,
,,PHILOMENA,
,,LUCILA,
,,LEONORA,
,,DOVIE,
,,ROMONA,
,,MIMI,
,,JACQUELIN,
,,GAYE,
,,TONJA,
,,MISTI,
,,JOE,
,,GENE,
,,CHASTITY,
,,STACIA,
,,ROXANN,
,,MICAELA,
,,NIKITA,
,,MEI,
,,VELDA,
,,MARLYS,
,,JOHNNA,
,,AURA,
,,LAVERN,
,,IVONNE,
,,HAYLEY,
,,NICKI,
,,MAJORIE,
,,HERLINDA,
,,GEORGE,
,,ALPHA,
,,YADIRA,
,,PERLA,
,,GREGORIA,
,,DANIEL,
,,ANTONETTE,
,,SHELLI,
,,MOZELLE,
,,MARIAH,
,,JOELLE,
,,CORDELIA,
,,JOSETTE,
,,CHIQUITA,
,,TRISTA,
,,LOUIS,
,,LAQUITA,
,,GEORGIANA,
,,CANDI,
,,SHANON,
,,LONNIE,
,,HILDEGARD,
,,CECIL,
,,VALENTINA,
,,STEPHANY,
,,MAGDA,
,,KAROL,
,,GERRY,
,,GABRIELLA,
,,TIANA,
,,ROMA,
,,RICHELLE,
,,RAY,
,,PRINCESS,
,,OLETA,
,,JACQUE,
,,IDELLA,
,,ALAINA,
,,SUZANNA,
,,JOVITA,
,,BLAIR,
,,TOSHA,
,,RAVEN,
,,NEREIDA,
,,MARLYN,
,,KYLA,
,,JOSEPH,
,,DELFINA,
,,TENA,
,,STEPHENIE,
,,SABINA,
,,NATHALIE,
,,MARCELLE,
,,GERTIE,
,,DARLEEN,
,,THEA,
,,SHARONDA,
,,SHANTEL,
,,BELEN,
,,VENESSA,
,,ROSALINA,
,,ONA,
,,GENOVEVA,
,,COREY,
,,CLEMENTINE,
,,ROSALBA,
,,RENATE,
,,RENATA,
,,MI,
,,IVORY,
,,GEORGIANNA,
,,FLOY,
,,DORCAS,
,,ARIANA,
,,TYRA,
,,THEDA,
,,MARIAM,
,,JULI,
,,JESICA,
,,DONNIE,
,,VIKKI,
,,VERLA,
,,ROSELYN,
,,MELVINA,